<?xml version="1.0" encoding="utf-8" standalone="yes" ?>
<rss version="2.0" xmlns:atom="http://www.w3.org/2005/Atom">
  <channel>
    <title>Anay Mehrotra on Anay Mehrotra</title>
    <link>/</link>
    <description>Recent content in Anay Mehrotra on Anay Mehrotra</description>
    <generator>Hugo -- gohugo.io</generator>
    <language>en-us</language>
    <copyright>&amp;copy; 2018</copyright>
    <lastBuildDate>Wed, 20 Apr 2016 00:00:00 +0000</lastBuildDate>
    <atom:link href="/" rel="self" type="application/rss+xml" />
    
    <item>
      <title>Intelligent Autonomous Ground Vehicle</title>
      <link>/post/igvc/</link>
      <pubDate>Fri, 30 Mar 2018 12:36:36 +0530</pubDate>
      
      <guid>/post/igvc/</guid>
      <description></description>
    </item>
    
    <item>
      <title>Intelligent Autonomous Ground Vehicle</title>
      <link>/project/igvc/</link>
      <pubDate>Fri, 30 Mar 2018 12:36:36 +0530</pubDate>
      
      <guid>/project/igvc/</guid>
      <description></description>
    </item>
    
  </channel>
</rss>
