<?xml version="1.0" encoding="utf-8" standalone="yes" ?>
<rss version="2.0" xmlns:atom="http://www.w3.org/2005/Atom">
  <channel>
    <title>Publications on Anay Mehrotra</title>
    <link>/publication/</link>
    <description>Recent content in Publications on Anay Mehrotra</description>
    <generator>Hugo -- gohugo.io</generator>
    <language>en-us</language>
    <copyright>&amp;copy; 2018</copyright>
    <lastBuildDate>Sun, 01 Jan 2017 00:00:00 +0000</lastBuildDate>
    
	<atom:link href="/publication/index.xml" rel="self" type="application/rss+xml" />
    
    
  </channel>
</rss>