<?xml version="1.0" encoding="utf-8" standalone="yes" ?>
<rss version="2.0" xmlns:atom="http://www.w3.org/2005/Atom">
  <channel>
    <title>Posts on Anay Mehrotra</title>
    <link>/post/</link>
    <description>Recent content in Posts on Anay Mehrotra</description>
    <generator>Hugo -- gohugo.io</generator>
    <language>en-us</language>
    <copyright>&amp;copy; 2018</copyright>
    <lastBuildDate>Sun, 01 Jan 2017 00:00:00 +0530</lastBuildDate>
    
	<atom:link href="/post/index.xml" rel="self" type="application/rss+xml" />
    
    
    <item>
      <title>Intelligent Autonomous Ground Vehicle</title>
      <link>/post/igvc/</link>
      <pubDate>Fri, 30 Mar 2018 12:36:36 +0530</pubDate>
      
      <guid>/post/igvc/</guid>
      <description></description>
    </item>
    
  </channel>
</rss>